Company, Market Cap ,Ticker,Industry (arcoding to Refinitiv),Accusation,DATE,FINAL ACCUSATION,FINAL LINK,FINAL JOURNAL,Column1,Accusation 1,Date 1,Link to accusation,Journal name,Accusation 2,Date 2,Link to accusation2,Journal Name2,Accusation 3,Date 3,Link to accusation 3,Journal Name 3
APPLE INC. (XNAS:AAPL), $2’614’311’000’000 ,AAPL,"Computers, Phones & Household Electronics",1.0,24.10.23,"
Claims that its latest devices are “carbon neutral”, a term that Brussels proposes to ban in corporate marketing because it is “misleading”.
",https://www.ft.com/content/90392004-97e0-4444-a5cd-82220fe52510,Financial Times,,"
Claims that its latest devices are “carbon neutral”, a term that Brussels proposes to ban in corporate marketing because it is “misleading”.
",24.10.23,https://www.ft.com/content/90392004-97e0-4444-a5cd-82220fe52510,Financial Times,,,,,,,,
ABBVIE INC. (XNYS:ABBV), $282’630’700’000 ,ABBV,Pharmaceuticals,0.0,,,,,,,,,,,,,,,,,
"AIRBNB, INC. (XNAS:ABNB)", $104’340’600’000 ,ABNB,Software & IT Services,0.0,,,,,,,,,,,,,,,,,
ABBOTT LABORATORIES (XNYS:ABT), $186’584’400’000 ,ABT,Healthcare Equipment & Supplies,0.0,,,,,,,,,,,,,,,,,
ACCENTURE PUBLIC LIMITED COMPANY (XNYS:ACN), $206’496’600’000 ,ACN,Software & IT Services,1.0,22.03.20,"Peak Greenwashing: SAP backs oil and gas giants with Accenture partnership, eco-credentials go up in smoke.",https://www.theregister.com/2020/03/22/sap_back_gas_and_oil/,The Register,,"Peak Greenwashing: SAP backs oil and gas giants with Accenture partnership, eco-credentials go up in smoke.",22.03.20,https://www.theregister.com/2020/03/22/sap_back_gas_and_oil/,The Register,,,,,,,,
ADOBE INC. (XNAS:ADBE), $213’946’900’000 ,ADBE,Software & IT Services,1.0,09.12.19,Adobe amends e-card campaign after industry outcry.,https://www.printweek.com/content/news/adobe-amends-e-card-campaign-after-industry-outcry,Print Week,,Adobe amends e-card campaign after industry outcry.,09.12.19,https://www.printweek.com/content/news/adobe-amends-e-card-campaign-after-industry-outcry,Print Week,"Greenwash Success: Adobe Removes ""Save the Trees"" from E-Card Campaign",09.12.19,https://whattheythink.com/news/98687-greenwash-success-adobe-removes-save-trees-e-card-campaign/,What They Think,,,,
"ANALOG DEVICES, INC. (XNAS:ADI)", $100’158’600’000 ,ADI,Semiconductors & Semiconductor Equipment,0.0,,,,,,Is Sea-Greenwashing a Word? It Is Now.,19.08.22,https://www.counterpunch.org/2022/08/19/is-sea-greenwashing-a-word-it-is-now/,counterpunch.org,,,,,,,,
"AUTOMATIC DATA PROCESSING, INC. (XNAS:ADP)", $99’850’860’000 ,ADP,Software & IT Services,0.0,,,,,,,,,,,,,,,,,
"APPLIED MATERIALS, INC. (XNAS:AMAT)", $168’987’900’000 ,AMAT,Semiconductors & Semiconductor Equipment,0.0,,,,,,,,,,,,,,,,,
AMGEN INC. (XNAS:AMGN), $144’810’700’000 ,AMGN,Pharmaceuticals,1.0,11.12.23,Insight: No global carbon price? Some companies set their own,https://www.reuters.com/sustainability/no-global-carbon-price-some-companies-set-their-own-2023-12-10/,Reuters,,Insight: No global carbon price? Some companies set their own,11.12.23,https://www.reuters.com/sustainability/no-global-carbon-price-some-companies-set-their-own-2023-12-10/,Thomson Reuters,,,,,,,,
"AMAZON.COM, INC. (XNAS:AMZN)", $1’867’543’000’000 ,AMZN,Diversified Retail,1.0,17.06.19,Amazon accused of lack of transparency on climate impact,https://www.ft.com/content/2695bd00-8fa2-11e9-aea1-2b1d33ac3271,Financial Times,,Amazon's 'eco-friendly' packages made of plastic.,31.12.22,https://www.telegraph.co.uk/news/2022/12/31/amazon-accused-grotesque-greenwashing-eco-friendly-products/,The Telegraph,Amazon accused of lack of transparency on climate impact,17.06.19,https://www.ft.com/content/2695bd00-8fa2-11e9-aea1-2b1d33ac3271,Financial Times,,,,
"ARISTA NETWORKS, INC. (XNYS:ANET)", $82’754’120’000 ,ANET,Communications & Networking,0.0,,,,,,,,,,,,,,,,,
Broadcom Inc. (XNAS:AVGO), $622’870’600’000 ,AVGO,Semiconductors & Semiconductor Equipment,0.0,,,,,,,,,,,,,,,,,
AMERICAN EXPRESS COMPANY (XNYS:AXP), $169’496’600’000 ,AXP,Banking Services,0.0,,,,,,,,,,,,,,,,,
THE BOEING COMPANY (XNYS:BA), $101’921’100’000 ,BA,Aerospace & Defense,1.0,20.07.22,How Boeing created a nature preserve that may also preserve pollution,https://www.nasdaq.com/articles/special-report-how-boeing-created-a-nature-preserve-that-may-also-preserve-pollution,nasdaq.com,,How Boeing created a nature preserve that may also preserve pollution,20.07.22,https://www.nasdaq.com/articles/special-report-how-boeing-created-a-nature-preserve-that-may-also-preserve-pollution,nasdaq.com,,,,,,,,
BANK OF AMERICA CORPORATION (XNYS:BAC), $298’502’900’000 ,BAC,Banking Services,1.0,31.05.23,Huge loans of fossil fuel extraction and exploration.,https://www.washingtonpost.com/made-by-history/2023/05/31/climate-change-banks/,The Washington Post,,Bank of America made billions off the world's most polluting industries. The effort to change its course on climate continues.,22.05.23,https://www.theassemblync.com/business/bank-of-america-environment/,The Assembly,Bank of America's role in driving climate chaos and human rights violations around the world.,06.12.23,https://www.ran.org/the-understory/complicit-human-rights-and-fossil-fuel-expansion/,The Understory,Huge loans of fossil fuel extraction and exploration.,31.05.23,https://www.washingtonpost.com/made-by-history/2023/05/31/climate-change-banks/,The Washington Post
BOOKING HOLDINGS INC. (XNAS:BKNG), $120’318’900’000 ,BKNG,Hotels & Entertainment Services,1.0,15.04.24,The Netherlands said no to Booking.com’s greenwashing. Travelers need to be vigilant too,https://adventure.com/booking-com-greenwashing-sustainable-hotels/,adventure.com,,Booking.com Ends ‘Possibly Misleading’ Sustainability Program,25.03.24,https://skift.com/2024/03/25/booking-com-ends-possibly-misleading-sustainability-program/,skift.com,The Netherlands said no to Booking.com’s greenwashing. Travelers need to be vigilant too,15.04.24,https://adventure.com/booking-com-greenwashing-sustainable-hotels/,adventure.com,,,,
"BLACKROCK, INC. (XNYS:BLK)", $113’485’700’000 ,BLK,Investment Banking & Investment Services,1.0,02.10.21,Climate protesters call out US banks for funding fossil fuel projects,https://www.bloomberg.com/news/newsletters/2021-10-02/esg-whistleblower-calls-out-wall-street-greenwashing-new-economy-saturday?embedded-checkout=true,Bloomberg,,UK activist investor Bluebell Capital has called on BlackRock to replace CEO Larry Fink over his failures to move the money management firm beyond investments in fossil fuels,21.12.22,https://www.dw.com/en/esg-investing-blackrock-ceo-larry-fink-draws-investor-fire-over-greenwashing/a-64170771,dw.com,ESG Whistleblower Calls Out Wall Street Greenwashing,02.10.21,https://www.bloomberg.com/news/newsletters/2021-10-02/esg-whistleblower-calls-out-wall-street-greenwashing-new-economy-saturday?embedded-checkout=true,Bloomberg,,,,
BRISTOL-MYERS SQUIBB COMPANY (XNYS:BMY), $90’900’130’000 ,BMY,Pharmaceuticals,0.0,,,,,,,,,,,,,,,,,
BOSTON SCIENTIFIC CORPORATION (XNYS:BSX), $107’552’200’000 ,BSX,Healthcare Equipment & Supplies,0.0,,,,,,,,,,,,,,,,,
BLACKSTONE INC. (XNYS:BX), $151’100’500’000 ,BX,Investment Banking & Investment Services,0.0,,,,,,,,,,,,,,,,,
CITIGROUP INC. (XNYS:C), $119’517’700’000 ,C,Investment Banking & Investment Services,1.0,25.04.23,Climate protesters call out US banks for funding fossil fuel projects,https://www.theguardian.com/environment/2023/apr/25/climate-protest-citibank-banks-fossil-fuel-funding,The Guardian,,Citi has been named the number 1 bank for greenwashing based on its outstanding record for failing to address climate change.,18.05.23,https://www.banktrack.org/article/citi_wins_prestigious_award_for_greenwashing,banktrack.org,Climate protesters call out US banks for funding fossil fuel projects,25.04.23,https://www.theguardian.com/environment/2023/apr/25/climate-protest-citibank-banks-fossil-fuel-funding,The Guardian,,,,
CATERPILLAR INC. (XNYS:CAT), $171’476’200’000 ,CAT,"Machinery, Equipment & Components",0.0,,,,,,,,,,,,,,,,,
Chubb Ltd (XNYS:CB), $99’660’810’000 ,CB,Insurance,1.0,10.06.22,"Chubb Not Declaring Itself Net Zero, CEO Greenberg Says",https://www.carriermanagement.com/news/2022/06/10/237147.htm,carriermanagement.com,,"Activists Build Oil Derrick Outside Chubb CEO’s Home, Spotlighting the Insurer’s Role in Fossil Fuel Expansion",27.10.22,https://www.ran.org/press-releases/ny-chubb-climate-action/,ran.org,"Chubb Not Declaring Itself Net Zero, CEO Greenberg Says",10.06.22,https://www.carriermanagement.com/news/2022/06/10/237147.htm,carriermanagement.com,,,,
THE CIGNA GROUP (XNYS:CI), $103’631’100’000 ,CI,Healthcare Providers & Services,0.0,,,,,,,,,,,,,,,,,
COMCAST CORPORATION (XNAS:CMCSA), $153’194’500’000 ,CMCSA,Telecommunications Services,0.0,,,,,,"Comcast’s 'EcoBill' Is All About Saving Money, Not Trees!",04.05.18,https://www.inplantimpressions.com/post/comcasts-ecobill-saving-money-not-trees/,InPlant Impressions,,,,,,,,
CONOCOPHILLIPS (XNYS:COP), $152’524’200’000 ,COP,Oil & Gas,1.0,01.02.23,Oil giant Shell accused of 'greenwashing' and misleading investors,https://www.washingtonpost.com/politics/2023/02/01/oil-giant-shell-accused-greenwashing-misleading-investors/,The Washington Post,,Oil giant Shell accused of 'greenwashing' and misleading investors,01.02.23,https://www.washingtonpost.com/politics/2023/02/01/oil-giant-shell-accused-greenwashing-misleading-investors/,Washington Post,,,,,,,,
COSTCO WHOLESALE CORPORATION (XNAS:COST), $323’394’300’000 ,COST,Diversified Retail,1.0,08.09.23,Costco neglected to report the geographic scope and financial budget.,https://www.dailymail.co.uk/sciencetech/article-12493543/Greenwashing-corporations-trees-coral-restore-ecosystems-DONT-publish-results.html,Daily Mail UK,,Instagrammer calls out Costco over allegedly 'blatant' greenwashing tactics: 'It's not even recycled!',09.02.23,https://www.thecooldown.com/green-business/costco-greenwashing-berkshire-life-eco-soft-blankets/,thecooldown,Costco fake advertisement,23.02.23,https://grewallevymarketing.com/2023/02/23/trusting-environmentally-safe-marketing-claims-remains-unsafe-for-consumers/,grewallevymarketing,Costco neglected to report the geographic scope and financial budget.,08.09.23,https://www.dailymail.co.uk/sciencetech/article-12493543/Greenwashing-corporations-trees-coral-restore-ecosystems-DONT-publish-results.html,Daily Mail
"SALESFORCE, INC. (XNYS:CRM)", $265’512’700’000 ,CRM,Software & IT Services,0.0,,,,,,A lot of positive things,,,,,,,,,,,
"CISCO SYSTEMS, INC. (XNAS:CSCO)", $193’794’100’000 ,CSCO,Communications & Networking,0.0,,,,,,,,,,,,,,,,,
CVS HEALTH CORPORATION (XNYS:CVS), $84’679’050’000 ,CVS,Healthcare Providers & Services,1.0,06.04.22,The Newest Form Of Greenwashing Is Poised To Meet Its Match,https://www.forbes.com/sites/forbestechcouncil/2022/04/06/the-newest-form-of-greenwashing-is-poised-to-meet-its-match/?sh=4b899911700a,Forbes,,The Newest Form Of Greenwashing Is Poised To Meet Its Match,06.04.22,https://www.forbes.com/sites/forbestechcouncil/2022/04/06/the-newest-form-of-greenwashing-is-poised-to-meet-its-match/?sh=4b899911700a,Forbes,,,,,,,,
CHEVRON CORPORATION (XNYS:CVX), $306’451’900’000 ,CVX,Oil & Gas,1.0,24.05.23,Worthless': Chevron's carbon offsets are mostly junk and some may harm.,https://www.theguardian.com/environment/2023/may/24/chevron-carbon-offset-climate-crisis,The Guardian,,Chevron accused of ‘greenwashing’ in complaint lodged with FTC.,16.03.21,https://www.ft.com/content/2985e18a-fdcb-4cd2-aee3-d5a0fe4cdab2,Financial Times,Why we're holding Chevron acccountable for its greenwashing campaigns.,22.03.21,https://earthworks.org/blog/why-were-holding-chevron-accountable-for-its-greenwashing-campaigns/,earthworks.org,Worthless': Chevron's carbon offsets are mostly junk and some may harm.,24.05.23,https://www.theguardian.com/environment/2023/may/24/chevron-carbon-offset-climate-crisis,The Guardian
DEERE & COMPANY (XNYS:DE), $109’486’600’000 ,DE,"Machinery, Equipment & Components",0.0,,,,,,,,,,,,,,,,,
DANAHER CORPORATION (XNYS:DHR), $182’638’500’000 ,DHR,Healthcare Equipment & Supplies,0.0,,,,,,,,,,,,,,,,,
THE WALT DISNEY COMPANY (XNYS:DIS), $206’781’300’000 ,DIS,Media & Publishing,1.0,01.10.21,Apple and Disney among companies backing groups against US climate bill,https://www.theguardian.com/us-news/2021/oct/01/apple-amazon-microsoft-disney-lobby-groups-climate-bill-analysis,The Guardian,,"Disney is taking the well-worn path to corporate environmentalism, its business model still depends on enticing visitors to fly halfway round the world.",19.03.09,https://www.theguardian.com/environment/2009/mar/19/disney-greenwash-fred-pearce,The Guardian,River pollution lawsuit.,12.02.15,https://www.hollywoodreporter.com/business/business-news/disney-agrees-settle-river-pollution-772772/,The Hollywood Reporter,Apple and Disney among companies backing groups against US climate bill,01.10.21,https://www.theguardian.com/us-news/2021/oct/01/apple-amazon-microsoft-disney-lobby-groups-climate-bill-analysis,The Guardian
"ELEVANCE HEALTH, INC. (XNYS:ELV)", $124’868’800’000 ,ELV,Healthcare Providers & Services,0.0,,,,,,,,,,,,,,,,,
EATON CORPORATION PUBLIC LIMITED COMPANY (XNYS:ETN), $129’685’000’000 ,ETN,"Machinery, Equipment & Components",0.0,,,,,,,,,,,,,,,,,
GENERAL ELECTRIC COMPANY (XNYS:GE), $177’709’400’000 ,GE,Consumer Goods Conglomerates,1.0,24.01.23,“GE Is Trying to Greenwash…” New York Times Advertisement,https://jarrennylund.medium.com/ge-is-trying-to-greenwash-new-york-times-advertisement-aaa77b2e50e8,Medium,,“GE Is Trying to Greenwash…” New York Times Advertisement,24.01.23,https://jarrennylund.medium.com/ge-is-trying-to-greenwash-new-york-times-advertisement-aaa77b2e50e8,Medium,,,,,,,,
ALPHABET INC. (XNAS:GOOGL), $2’147’722’000’000 ,GOOGL,Software & IT Services,1.0,11.10.19,Revealed: Google made large contributions to climate change deniers,https://www.theguardian.com/environment/2019/oct/11/google-contributions-climate-change-deniers,The Guardian,,GOOGLE GREENWASHES A DIRTY PARTNERSHIP WITH CLIMATE-DESTROYING SAUDI ARAMCO,17.02.22,https://theintercept.com/2023/02/17/google-cloud-saudi-aramco-oil/,The Intercept,Revealed: Google made large contributions to climate change deniers,11.10.19,https://www.theguardian.com/environment/2019/oct/11/google-contributions-climate-change-deniers,The Guardian,,,,
"THE GOLDMAN SACHS GROUP, INC. (XNYS:GS)", $139’200’900’000 ,GS,Investment Banking & Investment Services,1.0,22.11.22,SEC Charges Goldman Sachs Asset Management for Failing to Follow its Policies and Procedures Involving ESG Investments,https://www.ft.com/content/0e2b6e41-4113-437f-824b-80d7acd29579,SEC / Financial Times,,SEC Charges Goldman Sachs Asset Management for Failing to Follow its Policies and Procedures Involving ESG Investments,22.11.22,https://www.ft.com/content/0e2b6e41-4113-437f-824b-80d7acd29579,SEC / Financial Times,,,,,,,,
"THE HOME DEPOT, INC. (XNYS:HD)", $332’084’400’000 ,HD,Specialty Retailers,1.0,08.02.24,"Forest degredation,  ",https://www.nrdc.org/bio/shelley-vinyard/forests-home-depot-fails-meet-moment,NRDC.org (blog),,"Forest degredation,  ",08.02.24,https://www.nrdc.org/bio/shelley-vinyard/forests-home-depot-fails-meet-moment,NRDC.org (blog),Not green.,25.06.07,https://www.nytimes.com/2007/06/25/business/25depot.html,NY Times,,,,
HONEYWELL INTERNATIONAL INC. (XNAS:HON), $125’971’700’000 ,HON,Consumer Goods Conglomerates,0.0,,,,,,,,,,,,,,,,,
INTERNATIONAL BUSINESS MACHINES CORPORATION (XNYS:IBM), $153’215’600’000 ,IBM,Software & IT Services,0.0,,,,,,,,,,,,,,,,,
INTEL CORPORATION (XNAS:INTC), $135’709’100’000 ,INTC,Semiconductors & Semiconductor Equipment,0.0,,,,,,,,,,,,,,,,,
INTUIT INC. (XNAS:INTU), $178’220’600’000 ,INTU,Financial Technology (Fintech) & Infrastructure,0.0,,,,,,Not greenwashing - but deceptive advertising for some other thing,,,,,,,,,,,
"INTUITIVE SURGICAL, INC. (XNAS:ISRG)", $133’131’700’000 ,ISRG,Healthcare Equipment & Supplies,0.0,,,,,,,,,,,,,,,,,
JOHNSON & JOHNSON (XNYS:JNJ), $352’165’700’000 ,JNJ,Pharmaceuticals,1.0,08.09.23,Greenwashing corporations exposed,https://www.dailymail.co.uk/sciencetech/article-12493543/Greenwashing-corporations-trees-coral-restore-ecosystems-DONT-publish-results.html,Daily Mail UK,,Use palm oil even if they claim that they are committed to doing their part to address the unsustainable rate of global deforestation.,09.02.21,https://palmoildetectives.com/2021/02/09/johnson-johnson/,palmoildetectives,Greenwashing corporations exposed,08.09.23,https://www.dailymail.co.uk/sciencetech/article-12493543/Greenwashing-corporations-trees-coral-restore-ecosystems-DONT-publish-results.html,Daily Mail UK,,,,
JPMORGAN CHASE & CO. (XNYS:JPM), $555’720’800’000 ,JPM,Banking Services,1.0,04.11.21,Encourage oil companies to become more efficient which downplays climate crisis.,https://www.theguardian.com/environment/2021/nov/04/dark-secrets-big-oil-climate-pledges-greenwashing,The Guardian,,JP Morgan Chase is greenwashing on fossil fuel funding. It’s time to stop the money pipeline!,25.05.21,http://redgreenandblue.org/2021/05/25/jp-morgan-chase-greenwashing-fossil-fuel-funding-time-stop-money-pipeline/,Red Green and Blue,Encourage oil companies to become more efficient which downplays climate crisis.,04.11.21,https://www.theguardian.com/environment/2021/nov/04/dark-secrets-big-oil-climate-pledges-greenwashing,The Guardian,,,,
KLA Corporation (XNAS:KLAC), $95’510’120’000 ,KLAC,Semiconductors & Semiconductor Equipment,0.0,,,,,,,,,,,,,,,,,
THE COCA-COLA COMPANY (XNYS:KO), $266’172’870’600 ,KO,Beverages,1.0,30.06.22,Claims about plastic packaging being eco-friendly are misleading greenwashing.,https://www.theguardian.com/environment/2022/jun/30/coca-cola-among-brands-greenwashing-over-packaging-report-says,The Guardian,,Claims about plastic packaging being eco-friendly are misleading greenwashing.,30.06.22,https://www.theguardian.com/environment/2022/jun/30/coca-cola-among-brands-greenwashing-over-packaging-report-says,The Guardian,,,,,,,,
LINDE PUBLIC LIMITED COMPANY (XETR:LIN), $213’425’100’000 ,LIN,Chemicals,0.0,,,,,,,,,,,,,,,,,
ELI LILLY AND COMPANY (XNYS:LLY), $697’396’400’000 ,LLY,Pharmaceuticals,0.0,,,,,,,,,,,,,,,,,
LOCKHEED MARTIN CORPORATION (XNYS:LMT), $110’938’100’000 ,LMT,Aerospace & Defense,1.0,01.10.21,"Greenwashing the Military-Industrial Complex, One of the world’s worst emitters makes climate change a “priority”",https://thebaffler.com/latest/greenwashing-the-military-industrial-complex-craven,The Baffler,,"Greenwashing the Military-Industrial Complex, One of the world’s worst emitters makes climate change a “priority”",01.10.21,https://thebaffler.com/latest/greenwashing-the-military-industrial-complex-craven,The Baffler,,,,,,,,
"LOWE'S COMPANIES, INC. (XNYS:LOW)", $131’529’800’000 ,LOW,Specialty Retailers,0.0,,,,,,,,,,,,,,,,,
LAM RESEARCH CORPORATION (XNAS:LRCX), $121’318’800’000 ,LRCX,Semiconductors & Semiconductor Equipment,0.0,,,,,,,,,,,,,,,,,
MASTERCARD INCORPORATED. (XNYS:MA), $431’387’700’000 ,MA,Software & IT Services,0.0,,,,,,,,,,,,,,,,,
MCDONALD'S CORPORATION (XNYS:MCD), $196’899’100’000 ,MCD,Hotels & Entertainment Services,1.0,22.09.23,"For many big food companies, emissions head in the wrong direction.",https://www.nytimes.com/2023/09/22/business/food-companies-emissions-climate-pledges.html,NY Times,,McDonald's avoids the big setp it must take to cut emissions. They announced big sustainability initiatives but they didn't change the menu to significantly reduce beef production.,10.12.21,https://www.theguardian.com/environment/2021/dec/10/mcdonalds-emissions-beef-burgers,The Guardian,"For many big food companies, emissions head in the wrong direction.",22.09.23,https://www.nytimes.com/2023/09/22/business/food-companies-emissions-climate-pledges.html,NY Times,,,,
MEDTRONIC PUBLIC LIMITED COMPANY (XNYS:MDT), $105’880’600’000 ,MDT,Healthcare Equipment & Supplies,0.0,,,,,,,,,,,,,,,,,
"Meta Platforms, Inc. (XNAS:META)", $1’124’420’000’000 ,META,Software & IT Services,0.0,,,,,,,,,,,,,,,,,
"MARSH & MCLENNAN COMPANIES, INC. (XNYS:MMC)", $97’534’720’000 ,MMC,Insurance,1.0,19.05.22,Marsh revealed in oil pipeline project shunned by leading banks and insurers.,https://www.ft.com/content/597a2b01-fb54-4fd3-b326-dadf52dc250a,Financial Times,,Marsh & McLennan present greenwash at AGM,28.05.20,https://www.marketforces.org.au/marsh-mclennan-present-greenwash-at-agm/,marketforces.org,Marsh revealed in oil pipeline project shunned by leading banks and insurers.,19.05.22,https://www.ft.com/content/597a2b01-fb54-4fd3-b326-dadf52dc250a,Financial Times,,,,
"MERCK & CO., INC. (XNYS:MRK)", $332’333’300’000 ,MRK,Pharmaceuticals,0.0,,,,,,,,,,,,,,,,,
MORGAN STANLEY (XNYS:MS), $151’802’000’000 ,MS,Investment Banking & Investment Services,0.0,,,,,,,,,,,,,,,,,
MICROSOFT CORPORATION (XNAS:MSFT), $3’019’135’000’000 ,MSFT,Software & IT Services,0.0,,,,,,Too Many Carbon Offset Claims Are ‘Greenwashing’ Us into a Hotter World,18.10.23,https://web.sas.upenn.edu/pcssm/news/too-many-carbon-offset-claims-are-greenwashing-us-into-a-hotter-world/,University of Pennsylvania,Tell Microsoft to Stop Greenwashing Its Welcome Screen,22.04.22,https://www.change.org/p/tell-microsoft-to-stop-greenwashing-its-welcome-screen,Change.org,"Big tech’s pro-climate rhetoric is not matched by policy action, report finds",20.09.21,https://www.theguardian.com/environment/2021/sep/20/big-tech-climate-change,The Guardian
"MICRON TECHNOLOGY, INC. (XNAS:MU)", $127’170’200’000 ,MU,Semiconductors & Semiconductor Equipment,0.0,,,,,,,,,,,,,,,,,
"NEXTERA ENERGY, INC. (XNYS:NEE)", $135’578’600’000 ,NEE,Electrical Utilities & IPPs,0.0,,,,,,NextEra Energy: Not So Rare,19.10.23,https://capitalresearch.org/article/nextera-energy-part-4/,Capital Research Center,,,,,,,,
"NETFLIX, INC. (XNAS:NFLX)", $241’834’700’000 ,NFLX,Software & IT Services,1.0,05.11.21,Carbon cost of watching netflix.,https://www.theguardian.com/tv-and-radio/2021/nov/05/carbon-cost-of-watching-netflix,The Guardian,,"Netflix styles itself as a climate action leader, but far from eliminating all of its services.",12.01.23,https://www.cleanenergywire.org/news/net-zero-netflix-far-climate-neutral,Clean Energy Wire,Carbon cost of watching netflix.,05.11.21,https://www.theguardian.com/tv-and-radio/2021/nov/05/carbon-cost-of-watching-netflix,The Guardian,,,,
"NIKE, INC. (XETR:NKE)", $142’060’800’000 ,NKE,Textiles & Apparel,1.0,05.10.23,Ellis vs. Nike USA (Reported by YFinance),https://finance.yahoo.com/news/suit-comes-nike-misleading-sustainability-190123384.html,Yahoo Finance,,Ellis vs. Nike USA (Reported by YFinance),05.10.23,https://finance.yahoo.com/news/suit-comes-nike-misleading-sustainability-190123384.html,Yahoo Finance,,,,,,,,
"SERVICENOW, INC. (XNYS:NOW)", $148’603’900’000 ,NOW,Software & IT Services,0.0,,,,,,,,,,,,,,,,,
NVIDIA CORPORATION (XNAS:NVDA), $2’193’375’000’000 ,NVDA,Semiconductors & Semiconductor Equipment,0.0,,,,,,,,,,,,,,,,,
ORACLE CORPORATION (XNYS:ORCL), $322’153’300’000 ,ORCL,Software & IT Services,0.0,,,,,,,,,,,,,,,,,
"PEPSICO, INC. (XNAS:PEP)", $241’336’300’000 ,PEP,Beverages,1.0,16.11.23,PepsiCo sued by New York state for plastic pollution.,https://www.bbc.com/news/business-67435329,BBC,,PepsiCo sued by New York state for plastic pollution.,16.11.23,https://www.bbc.com/news/business-67435329,BBC,New York sues PepsiCo over plastic pollution.,15.11.23,https://www.ft.com/content/b1457d6f-aaca-49cc-8675-520b6a1166b4,Financial Times,,,,
THE PROCTER & GAMBLE COMPANY (XNYS:PG), $380’666’200’000 ,PG,Personal & Household Products & Services,1.0,26.07.23,P&G drops forest pledge,https://www.reuters.com/sustainability/pg-drops-forest-pledge-drawing-ire-green-groups-investors-2023-07-26/,Reuters,,"Company is choosing to ignore the impacts of its sourcing tissue pulp from intact forests in the Canadian boreal, etc.",30.03.21,https://www.nrdc.org/bio/shelley-vinyard/deflect-distract-ignore-pgs-greenwashing-continues,NRDC.org (blog),P&G drops forest pledge,26.07.23,https://www.reuters.com/sustainability/pg-drops-forest-pledge-drawing-ire-green-groups-investors-2023-07-26/,Reuters,P&G quietly drops forest degradation pledge,23.08.23,https://www.prdaily.com/pg-quietly-drops-forest-degradation-esg-pledge/,PR Daily
THE PROGRESSIVE CORPORATION (XNYS:PGR), $121’843’200’000 ,PGR,Insurance,0.0,,,,,,,,,,,,,,,,,
"PROLOGIS, INC. (XNYS:PLD)", $96’260’530’000 ,PLD,Residential & Commercial REIT,0.0,,,,,,lots of positive stuff,,,,,,,,,,,
Philip Morris International Inc. (XNYS:PM), $147’713’400’000 ,PM,Food & Tobacco,1.0,12.05.22,WHO accuses tobacco industry of 'greenwashing' in new report,https://abcnews.go.com/Business/accuses-tobacco-industry-greenwashing-report/story?id=84602120,ABC News,,WHO accuses tobacco industry of 'greenwashing' in new report,12.05.22,https://abcnews.go.com/Business/accuses-tobacco-industry-greenwashing-report/story?id=84602120,ABC News,,,,,,,,
QUALCOMM INCORPORATED (XNAS:QCOM), $184’876’600’000 ,QCOM,Semiconductors & Semiconductor Equipment,0.0,,,,,,,,,,,,,,,,,
"REGENERON PHARMACEUTICALS, INC. (XNAS:REGN)", $96’941’700’000 ,REGN,Biotechnology & Medical Research,0.0,,,,,,,,,,,,,,,,,
RTX CORPORATION (XNYS:RTX), $134’839’300’000 ,RTX,Aerospace & Defense,0.0,,,,,,,,,,,,,,,,,
STARBUCKS CORPORATION (XNAS:SBUX), $99’916’650’000 ,SBUX,Hotels & Entertainment Services,1.0,10.01.24,Starbucks sued for alleged deceptive marketing of its ‘100% ethically’ sourced coffee,https://edition.cnn.com/2024/01/10/business/starbucks-lawsuit-deceptive-marketing/index.html,CNN,,Starbucks sued for alleged deceptive marketing of its ‘100% ethically’ sourced coffee,10.01.24,https://edition.cnn.com/2024/01/10/business/starbucks-lawsuit-deceptive-marketing/index.html,CNN,,,https://aboutblaw.com/bcfU,,Starbucks sued for ‘100% ethical’ sourcing claim for tea and coffee,11.01.24,https://www.washingtonpost.com/business/2024/01/11/starbucks-sued-lawsuit-ethical-coffee/,The Washington Post
THE CHARLES SCHWAB CORPORATION (XNYS:SCHW), $133’186’600’000 ,SCHW,Investment Banking & Investment Services,0.0,,,,,,,,,,,,,,,,,
S&P Global Inc. (XNYS:SPGI), $133’155’500’000 ,SPGI,Professional & Commercial Services,0.0,,,,,,,,,,,,,,,,,
STRYKER CORPORATION (XNYS:SYK), $127’689’500’000 ,SYK,Healthcare Equipment & Supplies,0.0,,,,,,,,,,,,,,,,,
AT&T INC. (XNYS:T), $120’097’500’000 ,T,Telecommunications Services,1.0,05.07.23,"AT&T, T-Mobile and Verizon are still a dirty shade of green",https://www.lightreading.com/sustainability/at-t-t-mobile-and-verizon-are-still-a-dirty-shade-of-green,Light Reading,,"AT&T, T-Mobile and Verizon are still a dirty shade of green",05.07.23,https://www.lightreading.com/sustainability/at-t-t-mobile-and-verizon-are-still-a-dirty-shade-of-green,Light Reading,,,,,,,,
"THE TJX COMPANIES, INC. (XNYS:TJX)", $109’173’400’000 ,TJX,Diversified Retail,0.0,,,,,,,,,,,,,,,,,
THERMO FISHER SCIENTIFIC INC. (XNYS:TMO), $218’951’100’000 ,TMO,Healthcare Equipment & Supplies,0.0,,,,,,,,,,,,,,,,,
"T-MOBILE US, INC. (XNAS:TMUS)", $194’598’800’000 ,TMUS,Telecommunications Services,1.0,31.01.23,T-Mobile takes greenwashing to a new high: Net-zero target for 2040 but the emissions over which it has most control rose sharply in 2021.,https://www.lightreading.com/sustainability/t-mobile-takes-greenwashing-to-a-new-high,Light Reading,,T-Mobile takes greenwashing to a new high: Net-zero target for 2040 but the emissions over which it has most control rose sharply in 2021.,31.01.23,https://www.lightreading.com/sustainability/t-mobile-takes-greenwashing-to-a-new-high,Light Reading,T-Mobile still a dirty shade of green. Only scope 2.,06.06.23,https://www.lightreading.com/sustainability/at-t-t-mobile-and-verizon-are-still-a-dirty-shade-of-green,Light Reading,,,,
"TESLA, INC. (XNAS:TSLA)", $535’968’400’000 ,TSLA,Automobiles & Auto Parts,1.0,13.05.21,"They don't disclose all of their greenhouse-gas emissions, like Ford and GM do.",https://www.forbes.com/sites/timabansal/2021/05/13/how-green-is-tesla-really/?sh=7d02af791576,Forbes,,"They don't disclose all of their greenhouse-gas emissions, like Ford and GM do.",13.05.21,https://www.forbes.com/sites/timabansal/2021/05/13/how-green-is-tesla-really/?sh=7d02af791576,forbes.com,"2021 Impact Report was flawed. It failed to account for the full scope of the company’s emissions, predominantly its supply chain production, which is a major contributor to a company’s carbon footprint.",07.12.23,https://blogs.gwu.edu/law-gwpointsource/2023/12/07/tesla-and-greenwashing/,The GW Point Source,,,,
TEXAS INSTRUMENTS INCORPORATED (XNAS:TXN), $161’380’400’000 ,TXN,Semiconductors & Semiconductor Equipment,0.0,,,,,,,,,,,,,,,,,
"UBER TECHNOLOGIES, INC. (XNYS:UBER)", $143’730’600’000 ,UBER,Software & IT Services,1.0,20.11.19,Uber Adding To Air Pollution In Europe,https://www.forbes.com/sites/davekeating/2019/11/20/uber-adding-to-air-pollution-in-europereport/?sh=6001f5bb5041,Forbes,,Uber Adding To Air Pollution In Europe,20.11.19,https://www.forbes.com/sites/davekeating/2019/11/20/uber-adding-to-air-pollution-in-europereport/?sh=6001f5bb5041,Forbes,,,,,,,,
UNITEDHEALTH GROUP INCORPORATED (XNYS:UNH), $455’761’600’000 ,UNH,Healthcare Providers & Services,0.0,,,,,,,,,,,,,,,,,
UNION PACIFIC CORPORATION (XNYS:UNP), $148’125’300’000 ,UNP,Freight & Logistics Services,0.0,,,,,,,,,,,,,,,,,
"UNITED PARCEL SERVICE, INC. (XNYS:UPS)", $125’914’400’000 ,UPS,Freight & Logistics Services,0.0,,,,,,,,,,,,,,,,,
VISA INC. (XNYS:V), $549’313’800’000 ,V,Software & IT Services,1.0,24.05.22,"Visa, Con Edison Green Bonds Fail to Meet Standards.",https://www.bnnbloomberg.ca/visa-con-edison-green-bonds-fail-to-meet-standards-cbi-says-1.1770084,Bnn Bloomberg,,"Visa, Con Edison Green Bonds Fail to Meet Standards.",24.05.22,https://www.bnnbloomberg.ca/visa-con-edison-green-bonds-fail-to-meet-standards-cbi-says-1.1770084,Bnn Bloomberg,,,,,,,,
VERTEX PHARMACEUTICALS INCORPORATED (XNAS:VRTX), $102’732’400’000 ,VRTX,Biotechnology & Medical Research,0.0,,,,,,,,,,,,,,,,,
VERIZON COMMUNICATIONS INC. (XNYS:VZ), $167’013’100’000 ,VZ,Telecommunications Services,1.0,05.07.23,"AT&T, T-Mobile and Verizon are still a dirty shade of green",https://www.lightreading.com/sustainability/at-t-t-mobile-and-verizon-are-still-a-dirty-shade-of-green,Light Reading,,"AT&T, T-Mobile and Verizon are still a dirty shade of green",05.07.23,https://www.lightreading.com/sustainability/at-t-t-mobile-and-verizon-are-still-a-dirty-shade-of-green,Light Reading,,,,,,,,
WELLS FARGO & COMPANY (XNYS:WFC), $209’786’800’000 ,WFC,Banking Services,1.0,25.04.23,Contrebutes to fossil fuel companies.,https://www.theguardian.com/environment/2023/apr/25/climate-protest-citibank-banks-fossil-fuel-funding,The Guardian,,Contrebutes to fossil fuel companies.,25.04.23,https://www.theguardian.com/environment/2023/apr/25/climate-protest-citibank-banks-fossil-fuel-funding,The Guardian,Wells Fargo joins Net-Zero Banking Alliance with no plan for phasing out fossil fuel finance.,15.10.21,https://www.banktrack.org/article/wells_fargo_joins_netzero_banking_alliance_with_no_plan_for_phasing_out_fossil_fuel_finance,Bank Track,Fossil fuel support.,24.03.21,https://www.sierraclub.org/sierra/many-banks-committing-climate-goals-are-engaging-greenwashing-banking-on-climate-chaos,Sierra: The Magazine of the Sierra Club
WALMART INC. (XNYS:WMT), $484’772’200’000 ,WMT,Food & Drug Retailing,1.0,11.04.22,"Walmart, Kohl’s Respond to FTC’s $5.5M Penalty for ‘Misleading’ Eco Claims",https://ca.finance.yahoo.com/news/walmart-kohl-respond-ftc-5-214735984.html,Yahoo Finance,,The United States’ Federal Trade Commission (FTC) has hit Walmart with substantial financial penalties regarding alleged false environmental marketing claims.  ,11.04.22,https://www.ecotextile.com/2022041129212/fashion-retail-news/kohl-s-walmart-culprits-of-alleged-greenwashing.html,Ecotextile News,"Walmart, Kohl’s Respond to FTC’s $5.5M Penalty for ‘Misleading’ Eco Claims",11.04.22,https://ca.finance.yahoo.com/news/walmart-kohl-respond-ftc-5-214735984.html,Yahoo Finance,"$5.5 million total FTC settlements with Kohl’s and Walmart challenge “bamboo” and eco claims, shed light on Penalty Offense enforcement",08.04.22,https://www.ftc.gov/business-guidance/blog/2022/04/55-million-total-ftc-settlements-kohls-and-walmart-challenge-bamboo-and-eco-claims-shed-light,FTC
EXXON MOBIL CORPORATION (XNYS:XOM), $466’916’400’000 ,XOM,Oil & Gas,1.0,24.05.22,ExxonMobil accused of ‘greenwashing’ over carbon capture plan it failed to invest in.,https://www.theguardian.com/uk-news/2024/mar/31/exxonmobil-accused-of-greenwashing-over-carbon-capture-plan-it-failed-to-invest-in,The Guardian,,ExxonMobil accused of ‘greenwashing’ over carbon capture plan it failed to invest in.,31.03.24,https://www.theguardian.com/uk-news/2024/mar/31/exxonmobil-accused-of-greenwashing-over-carbon-capture-plan-it-failed-to-invest-in,The Guardian,Greenwashing in Graphs: an ExxonMobil Story,09.04.24,https://blog.ucsusa.org/carly-phillips/greenwashing-in-graphs-an-exxonmobil-story/,Union of Concerned Scientists (blog),Exxon is accused of misleading investory about its products and climate impact.,24.05.22,https://abcnews.go.com/US/exxon-mobil-face-environmental-allegations-court-rules/story?id=84946565,ABC News
"AMERICAN INTERNATIONAL GROUP, INC. (XNYS:AIG)",,AIG,#CAMPO!,1.0,07.01.23,How AIG is Undermining Climate Action,https://www.citizen.org/news/how-aig-undermines-climate-action/,PublicCitizen,,,,,,,,,,,,,
"ADVANCED MICRO DEVICES, INC. (XNAS:AMD)",,AMD,Semiconductors & Semiconductor Equipment,0.0,,,,,,,,,,,,,,,,,
AMERICAN TOWER CORPORATION (XNYS:AMT),,AMT,Residential & Commercial REIT,0.0,,,,,,,,,,,,,,,,,
THE BANK OF NEW YORK MELLON CORPORATION (XNYS:BK),,BK,Investment Banking & Investment Services,1.0,23.05.22,"BNY Mellon unit pays $1.5 million over ESG fund misstatements, SEC says",https://www.reuters.com/markets/us/us-sec-charges-bny-mellon-investment-adviser-misstatements-over-esg-policies-2022-05-23/,Thomson Reuters,,,,,,,,,,,,,
"CHARTER COMMUNICATIONS, INC. (XNAS:CHTR)",,CHTR,Telecommunications Services,0.0,,,,,,,,,,,,,,,,,
COLGATE-PALMOLIVE COMPANY (XNYS:CL),,CL,Personal & Household Products & Services,1.0,07.02.24,Colgate-Palmolive must face lawsuit over toothpaste tube recycling claims,https://www.reuters.com/legal/government/colgate-palmolive-must-face-lawsuit-over-toothpaste-tube-recycling-claims-2024-02-07/,Thomson Reuters,,,,,,,,,,,,,
CAPITAL ONE FINANCIAL CORPORATION (XNYS:COF),,COF,Banking Services,0.0,,,,,,,,,,,,,,,,,
Dow Inc. (XNYS:DOW),,DOW,Chemicals,1.0,25.02.23,Dow said it was recycling our shoes. We found them at an Indonesian flea market,https://www.reuters.com/investigates/special-report/global-plastic-dow-shoes/,Thomson Reuters,,,,,,,,,,,,,
DUKE ENERGY CORPORATION (XNYS:DUK),,DUK,Electrical Utilities & IPPs,0.0,,,,,,,,,,,,,,,,,
EMERSON ELECTRIC CO. (XNYS:EMR),,EMR,"Machinery, Equipment & Components",0.0,,,,,,,,,,,,,,,,,
FORD MOTOR COMPANY (XNYS:F),,F,Automobiles & Auto Parts,0.0,,,,,,,,,,,,,,,,,
FEDEX CORPORATION (XNYS:FDX),,FDX,Freight & Logistics Services,0.0,,,,,,,,,,,,,,,,,
GENERAL DYNAMICS CORPORATION (XNYS:GD),,GD,Aerospace & Defense,0.0,,,,,,,,,,,,,,,,,
"GILEAD SCIENCES, INC. (XNAS:GILD)",,GILD,Pharmaceuticals,0.0,,,,,,,,,,,,,,,,,
GENERAL MOTORS COMPANY (XNYS:GM),,GM,Automobiles & Auto Parts,0.0,,,,,,,,,,,,,,,,,
THE KRAFT HEINZ COMPANY (XNAS:KHC),,KHC,Food & Tobacco,0.0,,,,,,,,,,,,,,,,,
"Mondelez International, Inc. (XNAS:MDLZ)",,MDLZ,Food & Tobacco,1.0,01.02.20,Mondelez Accused of Greenwashing in Its Sustainability Labels,https://news.bloomberglaw.com/environment-and-energy/mondelez-accused-of-greenwashing-in-its-sustainability-labels,Bloomberg,,,,,,,,,,,,,
"METLIFE, INC. (XNYS:MET)",,MET,Insurance,0.0,,,,,,,,,,,,,,,,,
3M COMPANY (XNYS:MMM),,MMM,Consumer Goods Conglomerates,1.0,23.06.23,3M to pay at least $10.3B to settle 'forever chemical' drinking water lawsuits in U.S.,https://www.cbc.ca/news/world/3m-pfa-forever-chemicals-lawsuit-1.6886172,CBC,,,,,,,,,,,,,
"Altria Group, Inc. (XNYS:MO)",,MO,Food & Tobacco,0.0,,,,,,,,,,,,,,,,,
PFIZER INC. (XNYS:PFE),,PFE,Pharmaceuticals,0.0,,,,,,,,,,,,,,,,,
"PAYPAL HOLDINGS, INC. (XNAS:PYPL)",,PYPL,Professional & Commercial Services,0.0,,,,,,,,,,,,,,,,,
THE SOUTHERN COMPANY (XNYS:SO),,SO,Electrical Utilities & IPPs,1.0,08.06.22,"Warned of ‘massive’ climate-led extinction, a US energy firm funded crisis denial ads",https://www.theguardian.com/environment/2022/jun/08/georgia-southern-company-climate-denial-ads,The Guardian,,,,,,,,,,,,,
"SIMON PROPERTY GROUP, INC. (XNYS:SPG)",,SPG,Residential & Commercial REIT,0.0,,,,,,,,,,,,,,,,,
TARGET CORPORATION (XNYS:TGT),,TGT,Diversified Retail,0.0,,,,,,,,,,,,,,,,,
U.S. BANCORP (XNYS:USB),,USB,Banking Services,0.0,,,,,,,,,,,,,,,,,
,,,,,,,,,,,,,,,,,,,,,
,,,,,,,,,,,,,,,,,,,,,
,,,,,,,,,,,,,,,,,,,,,
,,,,,,,,,,,,,,,,,,,,,
,,,,,,,,,,,,,,,,,,,,,
,,,,,,,,,,,,,,,,,,,,,
,,,,,,,,,,,,,,,,,,,,,
,,,,,,,,,,,,,,,,,,,,,
,,,,,,,,,,,,,,,,,,,,,
,,,,,,,,,,,,,,,,,,,,,
,,,,,,,,,,,,,,,,,,,,,
,,,,,,,,,,,,,,,,,,,,,
,,,,,,,,,,,,,,,,,,,,,
,,,,,,,,,,,,,,,,,,,,,
,,,,,,,,,,,,,,,,,,,,,
,,,,,,,,,,,,,,,,,,,,,
,,,,,,,,,,,,,,,,,,,,,
,,,,,,,,,,,,,,,,,,,,,
,,,,,,,,,,,,,,,,,,,,,
,,,,,,,,,,,,,,,,,,,,,
,,,,,,,,,,,,,,,,,,,,,
,,,,,,,,,,,,,,,,,,,,,
,,,,,,,,,,,,,,,,,,,,,
,,,,,,,,,,,,,,,,,,,,,
,,,,,,,,,,,,,,,,,,,,,
,,,,,,,,,,,,,,,,,,,,,
,,,,,,,,,,,,,,,,,,,,,
,,,,,,,,,,,,,,,,,,,,,
,,,,,,,,,,,,,,,,,,,,,
,,,,,,,,,,,,,,,,,,,,,
,,,,,,,,,,,,,,,,,,,,,
,,,,,,,,,,,,,,,,,,,,,
,,,,,,,,,,,,,,,,,,,,,
,,,,,,,,,,,,,,,,,,,,,
,,,,,,,,,,,,,,,,,,,,,
,,,,,,,,,,,,,,,,,,,,,
,,,,,,,,,,,,,,,,,,,,,
,,,,,,,,,,,,,,,,,,,,,
,,,,,,,,,,,,,,,,,,,,,
,,,,,,,,,,,,,,,,,,,,,
,,,,,,,,,,,,,,,,,,,,,
,,,,,,,,,,,,,,,,,,,,,
,,,,,,,,,,,,,,,,,,,,,
,,,,,,,,,,,,,,,,,,,,,
,,,,,,,,,,,,,,,,,,,,,
,,,,,,,,,,,,,,,,,,,,,
,,,,,,,,,,,,,,,,,,,,,
,,,,,,,,,,,,,,,,,,,,,
,,,,,,,,,,,,,,,,,,,,,
,,,,,,,,,,,,,,,,,,,,,
,,,,,,,,,,,,,,,,,,,,,
,,,,,,,,,,,,,,,,,,,,,
,,,,,,,,,,,,,,,,,,,,,
,,,,,,,,,,,,,,,,,,,,,
,,,,,,,,,,,,,,,,,,,,,
,,,,,,,,,,,,,,,,,,,,,
,,,,,,,,,,,,,,,,,,,,,
,,,,,,,,,,,,,,,,,,,,,
,,,,,,,,,,,,,,,,,,,,,
,,,,,,,,,,,,,,,,,,,,,
,,,,,,,,,,,,,,,,,,,,,
,,,,,,,,,,,,,,,,,,,,,
,,,,,,,,,,,,,,,,,,,,,
,,,,,,,,,,,,,,,,,,,,,
,,,,,,,,,,,,,,,,,,,,,
,,,,,,,,,,,,,,,,,,,,,
,,,,,,,,,,,,,,,,,,,,,
,,,,,,,,,,,,,,,,,,,,,
,,,,,,,,,,,,,,,,,,,,,
,,,,,,,,,,,,,,,,,,,,,
,,,,,,,,,,,,,,,,,,,,,
,,,,,,,,,,,,,,,,,,,,,
,,,,,,,,,,,,,,,,,,,,,
,,,,,,,,,,,,,,,,,,,,,
,,,,,,,,,,,,,,,,,,,,,
,,,,,,,,,,,,,,,,,,,,,
,,,,,,,,,,,,,,,,,,,,,
,,,,,,,,,,,,,,,,,,,,,
,,,,,,,,,,,,,,,,,,,,,
,,,,,,,,,,,,,,,,,,,,,
,,,,,,,,,,,,,,,,,,,,,
,,,,,,,,,,,,,,,,,,,,,
,,,,,,,,,,,,,,,,,,,,,
,,,,,,,,,,,,,,,,,,,,,
,,,,,,,,,,,,,,,,,,,,,
,,,,,,,,,,,,,,,,,,,,,
,,,,,,,,,,,,,,,,,,,,,
,,,,,,,,,,,,,,,,,,,,,
,,,,,,,,,,,,,,,,,,,,,
,,,,,,,,,,,,,,,,,,,,,
,,,,,,,,,,,,,,,,,,,,,
,,,,,,,,,,,,,,,,,,,,,
,,,,,,,,,,,,,,,,,,,,,
,,,,,,,,,,,,,,,,,,,,,
,,,,,,,,,,,,,,,,,,,,,
,,,,,,,,,,,,,,,,,,,,,
,,,,,,,,,,,,,,,,,,,,,
,,,,,,,,,,,,,,,,,,,,,
,,,,,,,,,,,,,,,,,,,,,
,,,,,,,,,,,,,,,,,,,,,
,,,,,,,,,,,,,,,,,,,,,
,,,,,,,,,,,,,,,,,,,,,
,,,,,,,,,,,,,,,,,,,,,
,,,,,,,,,,,,,,,,,,,,,
,,,,,,,,,,,,,,,,,,,,,
,,,,,,,,,,,,,,,,,,,,,
,,,,,,,,,,,,,,,,,,,,,
,,,,,,,,,,,,,,,,,,,,,
,,,,,,,,,,,,,,,,,,,,,
,,,,,,,,,,,,,,,,,,,,,
,,,,,,,,,,,,,,,,,,,,,
,,,,,,,,,,,,,,,,,,,,,
,,,,,,,,,,,,,,,,,,,,,
,,,,,,,,,,,,,,,,,,,,,
,,,,,,,,,,,,,,,,,,,,,
,,,,,,,,,,,,,,,,,,,,,
,,,,,,,,,,,,,,,,,,,,,
,,,,,,,,,,,,,,,,,,,,,
,,,,,,,,,,,,,,,,,,,,,
,,,,,,,,,,,,,,,,,,,,,
,,,,,,,,,,,,,,,,,,,,,
,,,,,,,,,,,,,,,,,,,,,
,,,,,,,,,,,,,,,,,,,,,
,,,,,,,,,,,,,,,,,,,,,
,,,,,,,,,,,,,,,,,,,,,
,,,,,,,,,,,,,,,,,,,,,
,,,,,,,,,,,,,,,,,,,,,
,,,,,,,,,,,,,,,,,,,,,
,,,,,,,,,,,,,,,,,,,,,
,,,,,,,,,,,,,,,,,,,,,
,,,,,,,,,,,,,,,,,,,,,
,,,,,,,,,,,,,,,,,,,,,
,,,,,,,,,,,,,,,,,,,,,
,,,,,,,,,,,,,,,,,,,,,
,,,,,,,,,,,,,,,,,,,,,
,,,,,,,,,,,,,,,,,,,,,
,,,,,,,,,,,,,,,,,,,,,
,,,,,,,,,,,,,,,,,,,,,
,,,,,,,,,,,,,,,,,,,,,
,,,,,,,,,,,,,,,,,,,,,
,,,,,,,,,,,,,,,,,,,,,
,,,,,,,,,,,,,,,,,,,,,
,,,,,,,,,,,,,,,,,,,,,
,,,,,,,,,,,,,,,,,,,,,
,,,,,,,,,,,,,,,,,,,,,
,,,,,,,,,,,,,,,,,,,,,
,,,,,,,,,,,,,,,,,,,,,
,,,,,,,,,,,,,,,,,,,,,
,,,,,,,,,,,,,,,,,,,,,
,,,,,,,,,,,,,,,,,,,,,
,,,,,,,,,,,,,,,,,,,,,
,,,,,,,,,,,,,,,,,,,,,
,,,,,,,,,,,,,,,,,,,,,
,,,,,,,,,,,,,,,,,,,,,
,,,,,,,,,,,,,,,,,,,,,
,,,,,,,,,,,,,,,,,,,,,
,,,,,,,,,,,,,,,,,,,,,
,,,,,,,,,,,,,,,,,,,,,
,,,,,,,,,,,,,,,,,,,,,
,,,,,,,,,,,,,,,,,,,,,
,,,,,,,,,,,,,,,,,,,,,
,,,,,,,,,,,,,,,,,,,,,
,,,,,,,,,,,,,,,,,,,,,
,,,,,,,,,,,,,,,,,,,,,
,,,,,,,,,,,,,,,,,,,,,
,,,,,,,,,,,,,,,,,,,,,
,,,,,,,,,,,,,,,,,,,,,
,,,,,,,,,,,,,,,,,,,,,
,,,,,,,,,,,,,,,,,,,,,
,,,,,,,,,,,,,,,,,,,,,
,,,,,,,,,,,,,,,,,,,,,
,,,,,,,,,,,,,,,,,,,,,
,,,,,,,,,,,,,,,,,,,,,
,,,,,,,,,,,,,,,,,,,,,
,,,,,,,,,,,,,,,,,,,,,
,,,,,,,,,,,,,,,,,,,,,
,,,,,,,,,,,,,,,,,,,,,
,,,,,,,,,,,,,,,,,,,,,
,,,,,,,,,,,,,,,,,,,,,
,,,,,,,,,,,,,,,,,,,,,
,,,,,,,,,,,,,,,,,,,,,
,,,,,,,,,,,,,,,,,,,,,
,,,,,,,,,,,,,,,,,,,,,
,,,,,,,,,,,,,,,,,,,,,
,,,,,,,,,,,,,,,,,,,,,
,,,,,,,,,,,,,,,,,,,,,
,,,,,,,,,,,,,,,,,,,,,
,,,,,,,,,,,,,,,,,,,,,
,,,,,,,,,,,,,,,,,,,,,
,,,,,,,,,,,,,,,,,,,,,
,,,,,,,,,,,,,,,,,,,,,
,,,,,,,,,,,,,,,,,,,,,
,,,,,,,,,,,,,,,,,,,,,
,,,,,,,,,,,,,,,,,,,,,
,,,,,,,,,,,,,,,,,,,,,
,,,,,,,,,,,,,,,,,,,,,
,,,,,,,,,,,,,,,,,,,,,
,,,,,,,,,,,,,,,,,,,,,
,,,,,,,,,,,,,,,,,,,,,
,,,,,,,,,,,,,,,,,,,,,
,,,,,,,,,,,,,,,,,,,,,
,,,,,,,,,,,,,,,,,,,,,
,,,,,,,,,,,,,,,,,,,,,
,,,,,,,,,,,,,,,,,,,,,
,,,,,,,,,,,,,,,,,,,,,
,,,,,,,,,,,,,,,,,,,,,
,,,,,,,,,,,,,,,,,,,,,
,,,,,,,,,,,,,,,,,,,,,
,,,,,,,,,,,,,,,,,,,,,
,,,,,,,,,,,,,,,,,,,,,
,,,,,,,,,,,,,,,,,,,,,
,,,,,,,,,,,,,,,,,,,,,
,,,,,,,,,,,,,,,,,,,,,
,,,,,,,,,,,,,,,,,,,,,
,,,,,,,,,,,,,,,,,,,,,
,,,,,,,,,,,,,,,,,,,,,
,,,,,,,,,,,,,,,,,,,,,
,,,,,,,,,,,,,,,,,,,,,
,,,,,,,,,,,,,,,,,,,,,
,,,,,,,,,,,,,,,,,,,,,
,,,,,,,,,,,,,,,,,,,,,
,,,,,,,,,,,,,,,,,,,,,
,,,,,,,,,,,,,,,,,,,,,
,,,,,,,,,,,,,,,,,,,,,
,,,,,,,,,,,,,,,,,,,,,
,,,,,,,,,,,,,,,,,,,,,
,,,,,,,,,,,,,,,,,,,,,
,,,,,,,,,,,,,,,,,,,,,
,,,,,,,,,,,,,,,,,,,,,
,,,,,,,,,,,,,,,,,,,,,
,,,,,,,,,,,,,,,,,,,,,
,,,,,,,,,,,,,,,,,,,,,
,,,,,,,,,,,,,,,,,,,,,
,,,,,,,,,,,,,,,,,,,,,
,,,,,,,,,,,,,,,,,,,,,
,,,,,,,,,,,,,,,,,,,,,
,,,,,,,,,,,,,,,,,,,,,
,,,,,,,,,,,,,,,,,,,,,
,,,,,,,,,,,,,,,,,,,,,
,,,,,,,,,,,,,,,,,,,,,
,,,,,,,,,,,,,,,,,,,,,
,,,,,,,,,,,,,,,,,,,,,
,,,,,,,,,,,,,,,,,,,,,
,,,,,,,,,,,,,,,,,,,,,
,,,,,,,,,,,,,,,,,,,,,
,,,,,,,,,,,,,,,,,,,,,
,,,,,,,,,,,,,,,,,,,,,
,,,,,,,,,,,,,,,,,,,,,
,,,,,,,,,,,,,,,,,,,,,
,,,,,,,,,,,,,,,,,,,,,
,,,,,,,,,,,,,,,,,,,,,
,,,,,,,,,,,,,,,,,,,,,
,,,,,,,,,,,,,,,,,,,,,
,,,,,,,,,,,,,,,,,,,,,
,,,,,,,,,,,,,,,,,,,,,
,,,,,,,,,,,,,,,,,,,,,
,,,,,,,,,,,,,,,,,,,,,
,,,,,,,,,,,,,,,,,,,,,
,,,,,,,,,,,,,,,,,,,,,
,,,,,,,,,,,,,,,,,,,,,
,,,,,,,,,,,,,,,,,,,,,
,,,,,,,,,,,,,,,,,,,,,
,,,,,,,,,,,,,,,,,,,,,
,,,,,,,,,,,,,,,,,,,,,
,,,,,,,,,,,,,,,,,,,,,
,,,,,,,,,,,,,,,,,,,,,
,,,,,,,,,,,,,,,,,,,,,
,,,,,,,,,,,,,,,,,,,,,
,,,,,,,,,,,,,,,,,,,,,
,,,,,,,,,,,,,,,,,,,,,
,,,,,,,,,,,,,,,,,,,,,
,,,,,,,,,,,,,,,,,,,,,
,,,,,,,,,,,,,,,,,,,,,
,,,,,,,,,,,,,,,,,,,,,
,,,,,,,,,,,,,,,,,,,,,
,,,,,,,,,,,,,,,,,,,,,
,,,,,,,,,,,,,,,,,,,,,
,,,,,,,,,,,,,,,,,,,,,
,,,,,,,,,,,,,,,,,,,,,
,,,,,,,,,,,,,,,,,,,,,
,,,,,,,,,,,,,,,,,,,,,
,,,,,,,,,,,,,,,,,,,,,
,,,,,,,,,,,,,,,,,,,,,
,,,,,,,,,,,,,,,,,,,,,
,,,,,,,,,,,,,,,,,,,,,
,,,,,,,,,,,,,,,,,,,,,
,,,,,,,,,,,,,,,,,,,,,
,,,,,,,,,,,,,,,,,,,,,
,,,,,,,,,,,,,,,,,,,,,
,,,,,,,,,,,,,,,,,,,,,
,,,,,,,,,,,,,,,,,,,,,
,,,,,,,,,,,,,,,,,,,,,
,,,,,,,,,,,,,,,,,,,,,
,,,,,,,,,,,,,,,,,,,,,
,,,,,,,,,,,,,,,,,,,,,
,,,,,,,,,,,,,,,,,,,,,
,,,,,,,,,,,,,,,,,,,,,
,,,,,,,,,,,,,,,,,,,,,
,,,,,,,,,,,,,,,,,,,,,
,,,,,,,,,,,,,,,,,,,,,
,,,,,,,,,,,,,,,,,,,,,
,,,,,,,,,,,,,,,,,,,,,
,,,,,,,,,,,,,,,,,,,,,
,,,,,,,,,,,,,,,,,,,,,
,,,,,,,,,,,,,,,,,,,,,
,,,,,,,,,,,,,,,,,,,,,
,,,,,,,,,,,,,,,,,,,,,
,,,,,,,,,,,,,,,,,,,,,
,,,,,,,,,,,,,,,,,,,,,
,,,,,,,,,,,,,,,,,,,,,
,,,,,,,,,,,,,,,,,,,,,
,,,,,,,,,,,,,,,,,,,,,
,,,,,,,,,,,,,,,,,,,,,
,,,,,,,,,,,,,,,,,,,,,
,,,,,,,,,,,,,,,,,,,,,
,,,,,,,,,,,,,,,,,,,,,
,,,,,,,,,,,,,,,,,,,,,
,,,,,,,,,,,,,,,,,,,,,
,,,,,,,,,,,,,,,,,,,,,
,,,,,,,,,,,,,,,,,,,,,
,,,,,,,,,,,,,,,,,,,,,
,,,,,,,,,,,,,,,,,,,,,
,,,,,,,,,,,,,,,,,,,,,
,,,,,,,,,,,,,,,,,,,,,
,,,,,,,,,,,,,,,,,,,,,
,,,,,,,,,,,,,,,,,,,,,
,,,,,,,,,,,,,,,,,,,,,
,,,,,,,,,,,,,,,,,,,,,
,,,,,,,,,,,,,,,,,,,,,
,,,,,,,,,,,,,,,,,,,,,
,,,,,,,,,,,,,,,,,,,,,
,,,,,,,,,,,,,,,,,,,,,
,,,,,,,,,,,,,,,,,,,,,
,,,,,,,,,,,,,,,,,,,,,
,,,,,,,,,,,,,,,,,,,,,
,,,,,,,,,,,,,,,,,,,,,
,,,,,,,,,,,,,,,,,,,,,
,,,,,,,,,,,,,,,,,,,,,
,,,,,,,,,,,,,,,,,,,,,
,,,,,,,,,,,,,,,,,,,,,
,,,,,,,,,,,,,,,,,,,,,
,,,,,,,,,,,,,,,,,,,,,
,,,,,,,,,,,,,,,,,,,,,
,,,,,,,,,,,,,,,,,,,,,
,,,,,,,,,,,,,,,,,,,,,
,,,,,,,,,,,,,,,,,,,,,
,,,,,,,,,,,,,,,,,,,,,
,,,,,,,,,,,,,,,,,,,,,
,,,,,,,,,,,,,,,,,,,,,
,,,,,,,,,,,,,,,,,,,,,
,,,,,,,,,,,,,,,,,,,,,
,,,,,,,,,,,,,,,,,,,,,
,,,,,,,,,,,,,,,,,,,,,
,,,,,,,,,,,,,,,,,,,,,
,,,,,,,,,,,,,,,,,,,,,
,,,,,,,,,,,,,,,,,,,,,
,,,,,,,,,,,,,,,,,,,,,
,,,,,,,,,,,,,,,,,,,,,
,,,,,,,,,,,,,,,,,,,,,
,,,,,,,,,,,,,,,,,,,,,
,,,,,,,,,,,,,,,,,,,,,
,,,,,,,,,,,,,,,,,,,,,
,,,,,,,,,,,,,,,,,,,,,
,,,,,,,,,,,,,,,,,,,,,
,,,,,,,,,,,,,,,,,,,,,
,,,,,,,,,,,,,,,,,,,,,
,,,,,,,,,,,,,,,,,,,,,
,,,,,,,,,,,,,,,,,,,,,
,,,,,,,,,,,,,,,,,,,,,
,,,,,,,,,,,,,,,,,,,,,
,,,,,,,,,,,,,,,,,,,,,
,,,,,,,,,,,,,,,,,,,,,
,,,,,,,,,,,,,,,,,,,,,
,,,,,,,,,,,,,,,,,,,,,
,,,,,,,,,,,,,,,,,,,,,
